Segment,Recency_mean,Frequency_mean,Monetary_mean,Customer_Count,Total_Revenue,Customer_Share_%,Revenue_Share_%
Champions,5578.1,7.5,3962.6,366,1450327.7,13.4,42.4
Loyal Customers,5604.2,4.0,1677.1,557,934126.1,20.4,27.3
Hibernating,5687.2,1.0,468.1,690,322966.0,25.3,9.4
At-Risk,5672.8,1.8,773.8,371,287077.5,13.6,8.4
Potential Loyalists,5531.7,1.4,520.2,301,156573.1,11.0,4.6
Need Attention,5618.3,1.7,784.0,142,111322.4,5.2,3.3
About to Sleep,5619.2,1.0,382.6,160,61208.2,5.9,1.8
Cannot Lose Them,5660.2,4.5,1787.1,26,46465.0,1.0,1.4
Promising,5596.4,1.0,491.1,67,32906.8,2.5,1.0
New Customers,5579.2,1.0,386.2,47,18151.3,1.7,0.5
